{
    "useConfigFiles": false,
    "plugins": {
        "@dcloudio/vue-cli-plugin-uni": {
            "version": "^2.0.0-22420190823018"
        },
        "@dcloudio/vue-cli-plugin-uni-optimize": {
            "version": "^2.0.0-22420190823018"
        },
        "@dcloudio/vue-cli-plugin-hbuilderx": {
            "version": "^2.0.0-22420190823018"
        },
        "@vue/cli-plugin-babel": {
            "presets": [
                ["@vue/app", {
                    "useBuiltIns": "entry"
                }]
            ]
        }
    }
}
